filename,title,description,price,grades,subjects,reading_tags,themes,resource_type,cover_image,thumbnails,preview_file
pack1_animal_pov.pdf,Not Boring Writing Prompts: Animal POV | 10 Creative Prompts | Grades 4-8,"Engage reluctant writers with these 10 creative writing prompts! Students write from an animal's point of view based on bizarre-but-true stories.

Each prompt includes:
• A fascinating real animal fact as the hook
• A clear writing mission
• Brainstorm box for pre-writing
• Lined writing space
• Self-check rubric

Perfect for:
• Bell ringers
• Early finishers
• Writing centers
• Homework
• Homeschool

Animals featured include the octopus that escaped an aquarium, the dog that could smell cancer, and more!",4.99,4-8,Creative Writing,Writing Prompts,Homeschool|Bell Ringers|Activities,Writing Activity,,,
pack2_what_if.pdf,Not Boring Writing Prompts: What If? Scenarios | 10 Creative Prompts | Grades 4-8,"Spark imagination with these 10 mind-bending 'What If?' writing prompts! Perfect for reluctant writers who need an engaging hook.

Each prompt includes:
• An intriguing 'What If?' scenario
• A clear writing mission
• Brainstorm box for pre-writing
• Lined writing space
• Self-check rubric

Scenarios include: What if gravity stopped? What if animals could talk? What if you found a secret door? And more!

Perfect for creative writing, bell ringers, or independent work.",4.99,4-8,Creative Writing,Writing Prompts,Homeschool|Bell Ringers|Activities,Writing Activity,,,
pack3_continue_story.pdf,Not Boring Writing Prompts: Continue the Mystery | 10 Creative Prompts | Grades 4-8,"Challenge students to solve history's greatest mysteries with these 10 'Continue the Story' writing prompts!

Based on real unsolved mysteries and bizarre historical events. Students imagine what happened next.

Each prompt includes:
• A real unsolved mystery as the hook
• A clear writing mission
• Brainstorm box for pre-writing
• Lined writing space
• Self-check rubric

Mysteries include: The Ghost Ship Mary Celeste, The Roanoke Colony disappearance, and more!",4.99,4-8,Creative Writing,Writing Prompts,Homeschool|Bell Ringers|Activities,Writing Activity,,,
pack4_time_travel.pdf,Not Boring Writing Prompts: Time Travel Twists | 10 Creative Prompts | Grades 4-8,"Send students on time-traveling adventures with these 10 creative writing prompts!

Each prompt includes:
• An exciting time travel scenario
• A clear writing mission
• Brainstorm box for pre-writing
• Lined writing space
• Self-check rubric

Scenarios include: Meeting your past self, witnessing history, bringing modern items to the past, and more!

Perfect for engaging reluctant writers with high-interest topics.",4.99,4-8,Creative Writing,Writing Prompts,Homeschool|Bell Ringers|Activities,Writing Activity,,,
pack5_survival.pdf,Not Boring Writing Prompts: Survival Stories | 10 Creative Prompts | Grades 4-8,"Challenge students with these 10 survival-themed writing prompts!

Students must think critically and creatively to write their way out of challenging situations.

Each prompt includes:
• A gripping survival scenario
• A clear writing mission
• Brainstorm box for pre-writing
• Lined writing space
• Self-check rubric

Scenarios include: Stranded on an island, lost in the woods, surviving with no technology, and more!",4.99,4-8,Creative Writing,Writing Prompts,Homeschool|Bell Ringers|Activities,Writing Activity,,,
pack6_inventions.pdf,Not Boring Writing Prompts: Invention Ideas | 10 Creative Prompts | Grades 4-8,"Inspire young inventors with these 10 creative writing prompts about designing and inventing!

Students design solutions to real problems while practicing descriptive writing.

Each prompt includes:
• An invention challenge
• A clear writing mission
• Brainstorm box for pre-writing
• Lined writing space
• Self-check rubric

Challenges include: Design a helpful robot, invent a new sport, create the school of the future, and more!",4.99,4-8,Creative Writing,Writing Prompts,Homeschool|Bell Ringers|Activities,Writing Activity,,,
